Chain ID,Residue name,Residue sequence,Conf 1(Input)
A,LEU,27,-0.0041
A,PRO,39,-0.0454
A,ARG,40,-0.0416
A,HIS,41,-0.6724
A,VAL,42,-0.0070
A,SER,46,-0.0121
A,MET,49,-0.3663
A,LEU,50,-0.0179
A,PRO,52,-0.0255
A,TYR,54,-0.0813
A,CYS,85,-0.0297
A,TYR,118,-0.0475
A,SER,139,-0.0356
A,PHE,140,-0.4296
A,LEU,141,-0.4639
A,ASN,142,-0.5332
A,GLY,143,-0.1260
A,SER,144,-0.2261
A,CYS,145,-0.3320
A,GLY,146,-0.0036
A,TYR,161,-0.0038
A,HIS,163,-0.4553
A,HIS,164,-0.6142
A,MET,165,-1.0470
A,GLU,166,-1.1843
A,LEU,167,-0.1094
A,PRO,168,-0.0033
A,GLY,170,-0.0330
A,VAL,171,-0.0349
A,HIS,172,-0.2126
A,ALA,173,-0.0758
A,GLY,174,-0.0162
A,THR,175,-0.0049
A,PHE,181,-0.1078
A,PHE,185,-0.0117
A,VAL,186,-0.1073
A,ASP,187,-0.3621
A,ARG,188,-0.3735
A,GLN,189,-0.4817
A,THR,190,-0.0657
A,GLN,192,-0.0637

Intra-Ligand Free,,,-0.2080
Inter-Ligand Free,,,-7.2948
Total Free Energy,,,-7.5027
Normalized Total Free Energy,,,-6.2063
